label	KEGG	Kegg_term
A1O5_00943_t1	ARN; MFS transporter, SIT family, siderophore-iron:H+ symporter	K08197 ARN; MFS transporter, SIT family, siderophore-iron:H+ symporter
A1O7_09024_t1	ARN; MFS transporter, SIT family, siderophore-iron:H+ symporter	K08197 ARN; MFS transporter, SIT family, siderophore-iron:H+ symporter
A1O7_09283_t1	ARN; MFS transporter, SIT family, siderophore-iron:H+ symporter	K08197 ARN; MFS transporter, SIT family, siderophore-iron:H+ symporter
A1O9_12485_t1	ARN; MFS transporter, SIT family, siderophore-iron:H+ symporter	K08197 ARN; MFS transporter, SIT family, siderophore-iron:H+ symporter
A1Q1_00379_t1	ARN; MFS transporter, SIT family, siderophore-iron:H+ symporter	K08197 ARN; MFS transporter, SIT family, siderophore-iron:H+ symporter
A1Q1_01206_t1	ARN; MFS transporter, SIT family, siderophore-iron:H+ symporter	K08197 ARN; MFS transporter, SIT family, siderophore-iron:H+ symporter
A1Q1_05499_t1	ARN; MFS transporter, SIT family, siderophore-iron:H+ symporter	K08197 ARN; MFS transporter, SIT family, siderophore-iron:H+ symporter
A1Q1_06257_t1	ARN; MFS transporter, SIT family, siderophore-iron:H+ symporter	K08197 ARN; MFS transporter, SIT family, siderophore-iron:H+ symporter
A9K55_005197_t1	ARN; MFS transporter, SIT family, siderophore-iron:H+ symporter	K08197 ARN; MFS transporter, SIT family, siderophore-iron:H+ symporter
A9K55_009027_t1	ARN; MFS transporter, SIT family, siderophore-iron:H+ symporter	K08197 ARN; MFS transporter, SIT family, siderophore-iron:H+ symporter
AB675_5037_t1	ARN; MFS transporter, SIT family, siderophore-iron:H+ symporter	K08197 ARN; MFS transporter, SIT family, siderophore-iron:H+ symporter
AC631_03306_t1	ARN; MFS transporter, SIT family, siderophore-iron:H+ symporter	K08197 ARN; MFS transporter, SIT family, siderophore-iron:H+ symporter
ACJ72_05755_t1	ARN; MFS transporter, SIT family, siderophore-iron:H+ symporter	K08197 ARN; MFS transporter, SIT family, siderophore-iron:H+ symporter
ACJ73_05362_t1	ARN; MFS transporter, SIT family, siderophore-iron:H+ symporter	K08197 ARN; MFS transporter, SIT family, siderophore-iron:H+ symporter
ACLA_007770-t26_1	ARN; MFS transporter, SIT family, siderophore-iron:H+ symporter	K08197 ARN; MFS transporter, SIT family, siderophore-iron:H+ symporter
AFLA_003264_t1	ARN; MFS transporter, SIT family, siderophore-iron:H+ symporter	K08197 ARN; MFS transporter, SIT family, siderophore-iron:H+ symporter
AFUB_091650-T	ARN; MFS transporter, SIT family, siderophore-iron:H+ symporter	K08197 ARN; MFS transporter, SIT family, siderophore-iron:H+ symporter
AJ78_00998_t1	ARN; MFS transporter, SIT family, siderophore-iron:H+ symporter	K08197 ARN; MFS transporter, SIT family, siderophore-iron:H+ symporter
AKAW_10135-t41_1	ARN; MFS transporter, SIT family, siderophore-iron:H+ symporter	K08197 ARN; MFS transporter, SIT family, siderophore-iron:H+ symporter
AN5378-T	ARN; MFS transporter, SIT family, siderophore-iron:H+ symporter	K08197 ARN; MFS transporter, SIT family, siderophore-iron:H+ symporter
AO090005000471-T	ARN; MFS transporter, SIT family, siderophore-iron:H+ symporter	K08197 ARN; MFS transporter, SIT family, siderophore-iron:H+ symporter
ASPACDRAFT_53055-t33_1	ARN; MFS transporter, SIT family, siderophore-iron:H+ symporter	K08197 ARN; MFS transporter, SIT family, siderophore-iron:H+ symporter
ASPBRDRAFT_205311-t33_1	ARN; MFS transporter, SIT family, siderophore-iron:H+ symporter	K08197 ARN; MFS transporter, SIT family, siderophore-iron:H+ symporter
ASPCADRAFT_135416-t33_1	ARN; MFS transporter, SIT family, siderophore-iron:H+ symporter	K08197 ARN; MFS transporter, SIT family, siderophore-iron:H+ symporter
ASPFODRAFT_77336-t33_1	ARN; MFS transporter, SIT family, siderophore-iron:H+ symporter	K08197 ARN; MFS transporter, SIT family, siderophore-iron:H+ symporter
ASPGLDRAFT_138172-t33_1	ARN; MFS transporter, SIT family, siderophore-iron:H+ symporter	K08197 ARN; MFS transporter, SIT family, siderophore-iron:H+ symporter
ASPGLDRAFT_168449-t33_1	ARN; MFS transporter, SIT family, siderophore-iron:H+ symporter	K08197 ARN; MFS transporter, SIT family, siderophore-iron:H+ symporter
ASPGLDRAFT_69243-t33_1	ARN; MFS transporter, SIT family, siderophore-iron:H+ symporter	K08197 ARN; MFS transporter, SIT family, siderophore-iron:H+ symporter
ASPNIDRAFT2_1149500-t41_1	ARN; MFS transporter, SIT family, siderophore-iron:H+ symporter	K08197 ARN; MFS transporter, SIT family, siderophore-iron:H+ symporter
ASPSYDRAFT_54628-t33_1	ARN; MFS transporter, SIT family, siderophore-iron:H+ symporter	K08197 ARN; MFS transporter, SIT family, siderophore-iron:H+ symporter
ASPSYDRAFT_60824-t33_1	ARN; MFS transporter, SIT family, siderophore-iron:H+ symporter	K08197 ARN; MFS transporter, SIT family, siderophore-iron:H+ symporter
ASPTUDRAFT_64619-t33_1	ARN; MFS transporter, SIT family, siderophore-iron:H+ symporter	K08197 ARN; MFS transporter, SIT family, siderophore-iron:H+ symporter
ASPVEDRAFT_141647-t33_1	ARN; MFS transporter, SIT family, siderophore-iron:H+ symporter	K08197 ARN; MFS transporter, SIT family, siderophore-iron:H+ symporter
ASPVEDRAFT_50920-t33_1	ARN; MFS transporter, SIT family, siderophore-iron:H+ symporter	K08197 ARN; MFS transporter, SIT family, siderophore-iron:H+ symporter
ASPWEDRAFT_48371-t33_1	ARN; MFS transporter, SIT family, siderophore-iron:H+ symporter	K08197 ARN; MFS transporter, SIT family, siderophore-iron:H+ symporter
ATCC64974_22850-t41_1	ARN; MFS transporter, SIT family, siderophore-iron:H+ symporter	K08197 ARN; MFS transporter, SIT family, siderophore-iron:H+ symporter
ATEG_03467-t26_1	ARN; MFS transporter, SIT family, siderophore-iron:H+ symporter	K08197 ARN; MFS transporter, SIT family, siderophore-iron:H+ symporter
ATEG_06329-t26_1	ARN; MFS transporter, SIT family, siderophore-iron:H+ symporter	K08197 ARN; MFS transporter, SIT family, siderophore-iron:H+ symporter
Afu7g06060-T	ARN; MFS transporter, SIT family, siderophore-iron:H+ symporter	K08197 ARN; MFS transporter, SIT family, siderophore-iron:H+ symporter
An01g00720-T	ARN; MFS transporter, SIT family, siderophore-iron:H+ symporter	K08197 ARN; MFS transporter, SIT family, siderophore-iron:H+ symporter
B0J15DRAFT_421519_t1	ARN; MFS transporter, SIT family, siderophore-iron:H+ symporter	K08197 ARN; MFS transporter, SIT family, siderophore-iron:H+ symporter
B0J15DRAFT_434411_t1	ARN; MFS transporter, SIT family, siderophore-iron:H+ symporter	K08197 ARN; MFS transporter, SIT family, siderophore-iron:H+ symporter
B1J91_E04092g_t1	ARN; MFS transporter, SIT family, siderophore-iron:H+ symporter	K08197 ARN; MFS transporter, SIT family, siderophore-iron:H+ symporter
B9J08_001487-t37_1	ARN; MFS transporter, SIT family, siderophore-iron:H+ symporter	K08197 ARN; MFS transporter, SIT family, siderophore-iron:H+ symporter
B9J08_001499-t37_1	ARN; MFS transporter, SIT family, siderophore-iron:H+ symporter	K08197 ARN; MFS transporter, SIT family, siderophore-iron:H+ symporter
B9J08_001519-t37_1	ARN; MFS transporter, SIT family, siderophore-iron:H+ symporter	K08197 ARN; MFS transporter, SIT family, siderophore-iron:H+ symporter
B9J08_001521-t37_1	ARN; MFS transporter, SIT family, siderophore-iron:H+ symporter	K08197 ARN; MFS transporter, SIT family, siderophore-iron:H+ symporter
B9J08_001542-t37_1	ARN; MFS transporter, SIT family, siderophore-iron:H+ symporter	K08197 ARN; MFS transporter, SIT family, siderophore-iron:H+ symporter
B9J08_001547-t37_1	ARN; MFS transporter, SIT family, siderophore-iron:H+ symporter	K08197 ARN; MFS transporter, SIT family, siderophore-iron:H+ symporter
B9J08_001948-t37_1	ARN; MFS transporter, SIT family, siderophore-iron:H+ symporter	K08197 ARN; MFS transporter, SIT family, siderophore-iron:H+ symporter
B9J08_002110-t37_1	ARN; MFS transporter, SIT family, siderophore-iron:H+ symporter	K08197 ARN; MFS transporter, SIT family, siderophore-iron:H+ symporter
B9J08_002241-t37_1	ARN; MFS transporter, SIT family, siderophore-iron:H+ symporter	K08197 ARN; MFS transporter, SIT family, siderophore-iron:H+ symporter
B9J08_002465-t37_1	ARN; MFS transporter, SIT family, siderophore-iron:H+ symporter	K08197 ARN; MFS transporter, SIT family, siderophore-iron:H+ symporter
B9J08_003921-t37_1	ARN; MFS transporter, SIT family, siderophore-iron:H+ symporter	K08197 ARN; MFS transporter, SIT family, siderophore-iron:H+ symporter
B9J08_004097-t37_1	ARN; MFS transporter, SIT family, siderophore-iron:H+ symporter	K08197 ARN; MFS transporter, SIT family, siderophore-iron:H+ symporter
BDBG_06965_t1	ARN; MFS transporter, SIT family, siderophore-iron:H+ symporter	K08197 ARN; MFS transporter, SIT family, siderophore-iron:H+ symporter
BDCG_07156_t1	ARN; MFS transporter, SIT family, siderophore-iron:H+ symporter	K08197 ARN; MFS transporter, SIT family, siderophore-iron:H+ symporter
BDFG_02839_t1	ARN; MFS transporter, SIT family, siderophore-iron:H+ symporter	K08197 ARN; MFS transporter, SIT family, siderophore-iron:H+ symporter
BDV34DRAFT_212702_t1	ARN; MFS transporter, SIT family, siderophore-iron:H+ symporter	K08197 ARN; MFS transporter, SIT family, siderophore-iron:H+ symporter
BO70DRAFT_424417_t1	ARN; MFS transporter, SIT family, siderophore-iron:H+ symporter	K08197 ARN; MFS transporter, SIT family, siderophore-iron:H+ symporter
BO71DRAFT_450967_t1	ARN; MFS transporter, SIT family, siderophore-iron:H+ symporter	K08197 ARN; MFS transporter, SIT family, siderophore-iron:H+ symporter
BO72DRAFT_504429_t1	ARN; MFS transporter, SIT family, siderophore-iron:H+ symporter	K08197 ARN; MFS transporter, SIT family, siderophore-iron:H+ symporter
BO78DRAFT_433484_t1	ARN; MFS transporter, SIT family, siderophore-iron:H+ symporter	K08197 ARN; MFS transporter, SIT family, siderophore-iron:H+ symporter
BO80DRAFT_374879_t1	ARN; MFS transporter, SIT family, siderophore-iron:H+ symporter	K08197 ARN; MFS transporter, SIT family, siderophore-iron:H+ symporter
BO83DRAFT_328907_t1	ARN; MFS transporter, SIT family, siderophore-iron:H+ symporter	K08197 ARN; MFS transporter, SIT family, siderophore-iron:H+ symporter
BO97DRAFT_466302_t1	ARN; MFS transporter, SIT family, siderophore-iron:H+ symporter	K08197 ARN; MFS transporter, SIT family, siderophore-iron:H+ symporter
BON22_0427_t1	ARN; MFS transporter, SIT family, siderophore-iron:H+ symporter	K08197 ARN; MFS transporter, SIT family, siderophore-iron:H+ symporter
BON22_4937_t1	ARN; MFS transporter, SIT family, siderophore-iron:H+ symporter	K08197 ARN; MFS transporter, SIT family, siderophore-iron:H+ symporter
BON22_4938_t1	ARN; MFS transporter, SIT family, siderophore-iron:H+ symporter	K08197 ARN; MFS transporter, SIT family, siderophore-iron:H+ symporter
BTJ68_13162_t1	ARN; MFS transporter, SIT family, siderophore-iron:H+ symporter	K08197 ARN; MFS transporter, SIT family, siderophore-iron:H+ symporter
BTJ68_13418_t1	ARN; MFS transporter, SIT family, siderophore-iron:H+ symporter	K08197 ARN; MFS transporter, SIT family, siderophore-iron:H+ symporter
C2_08050C_A-T	ARN; MFS transporter, SIT family, siderophore-iron:H+ symporter	K08197 ARN; MFS transporter, SIT family, siderophore-iron:H+ symporter
C2_08050C_B-T	ARN; MFS transporter, SIT family, siderophore-iron:H+ symporter	K08197 ARN; MFS transporter, SIT family, siderophore-iron:H+ symporter
C7M61_001334_t1	ARN; MFS transporter, SIT family, siderophore-iron:H+ symporter	K08197 ARN; MFS transporter, SIT family, siderophore-iron:H+ symporter
C7M61_001339_t1	ARN; MFS transporter, SIT family, siderophore-iron:H+ symporter	K08197 ARN; MFS transporter, SIT family, siderophore-iron:H+ symporter
C7M61_003421_t1	ARN; MFS transporter, SIT family, siderophore-iron:H+ symporter	K08197 ARN; MFS transporter, SIT family, siderophore-iron:H+ symporter
C7M61_004016_t1	ARN; MFS transporter, SIT family, siderophore-iron:H+ symporter	K08197 ARN; MFS transporter, SIT family, siderophore-iron:H+ symporter
C7M61_004162_t1	ARN; MFS transporter, SIT family, siderophore-iron:H+ symporter	K08197 ARN; MFS transporter, SIT family, siderophore-iron:H+ symporter
C7M61_004776_t1	ARN; MFS transporter, SIT family, siderophore-iron:H+ symporter	K08197 ARN; MFS transporter, SIT family, siderophore-iron:H+ symporter
C7M61_004777_t1	ARN; MFS transporter, SIT family, siderophore-iron:H+ symporter	K08197 ARN; MFS transporter, SIT family, siderophore-iron:H+ symporter
C7M61_004778_t1	ARN; MFS transporter, SIT family, siderophore-iron:H+ symporter	K08197 ARN; MFS transporter, SIT family, siderophore-iron:H+ symporter
C7M61_004889_t1	ARN; MFS transporter, SIT family, siderophore-iron:H+ symporter	K08197 ARN; MFS transporter, SIT family, siderophore-iron:H+ symporter
C7M61_005120_t1	ARN; MFS transporter, SIT family, siderophore-iron:H+ symporter	K08197 ARN; MFS transporter, SIT family, siderophore-iron:H+ symporter
C7M61_005190_t1	ARN; MFS transporter, SIT family, siderophore-iron:H+ symporter	K08197 ARN; MFS transporter, SIT family, siderophore-iron:H+ symporter
C8Q69DRAFT_78111_t1	ARN; MFS transporter, SIT family, siderophore-iron:H+ symporter	K08197 ARN; MFS transporter, SIT family, siderophore-iron:H+ symporter
CAGL0E04092g-T	ARN; MFS transporter, SIT family, siderophore-iron:H+ symporter	K08197 ARN; MFS transporter, SIT family, siderophore-iron:H+ symporter
CAWG_05897-T	ARN; MFS transporter, SIT family, siderophore-iron:H+ symporter	K08197 ARN; MFS transporter, SIT family, siderophore-iron:H+ symporter
CC77DRAFT_1015035_t1	ARN; MFS transporter, SIT family, siderophore-iron:H+ symporter	K08197 ARN; MFS transporter, SIT family, siderophore-iron:H+ symporter
CCM_08222_t1	ARN; MFS transporter, SIT family, siderophore-iron:H+ symporter	K08197 ARN; MFS transporter, SIT family, siderophore-iron:H+ symporter
CCM_08779_t1	ARN; MFS transporter, SIT family, siderophore-iron:H+ symporter	K08197 ARN; MFS transporter, SIT family, siderophore-iron:H+ symporter
CD36_22250_t1	ARN; MFS transporter, SIT family, siderophore-iron:H+ symporter	K08197 ARN; MFS transporter, SIT family, siderophore-iron:H+ symporter
CDV56_101439_t1	ARN; MFS transporter, SIT family, siderophore-iron:H+ symporter	K08197 ARN; MFS transporter, SIT family, siderophore-iron:H+ symporter
CGB_A9320W-t26_1	ARN; MFS transporter, SIT family, siderophore-iron:H+ symporter	K08197 ARN; MFS transporter, SIT family, siderophore-iron:H+ symporter
CH63R_00373_t1	ARN; MFS transporter, SIT family, siderophore-iron:H+ symporter	K08197 ARN; MFS transporter, SIT family, siderophore-iron:H+ symporter
CH63R_13826_t1	ARN; MFS transporter, SIT family, siderophore-iron:H+ symporter	K08197 ARN; MFS transporter, SIT family, siderophore-iron:H+ symporter
CHGG_08829_t1	ARN; MFS transporter, SIT family, siderophore-iron:H+ symporter	K08197 ARN; MFS transporter, SIT family, siderophore-iron:H+ symporter
CIHG_09084_t1	ARN; MFS transporter, SIT family, siderophore-iron:H+ symporter	K08197 ARN; MFS transporter, SIT family, siderophore-iron:H+ symporter
CIMG_07855-t26_1	ARN; MFS transporter, SIT family, siderophore-iron:H+ symporter	K08197 ARN; MFS transporter, SIT family, siderophore-iron:H+ symporter
CJI96_0000011_t1	ARN; MFS transporter, SIT family, siderophore-iron:H+ symporter	K08197 ARN; MFS transporter, SIT family, siderophore-iron:H+ symporter
CJI96_0000016_t1	ARN; MFS transporter, SIT family, siderophore-iron:H+ symporter	K08197 ARN; MFS transporter, SIT family, siderophore-iron:H+ symporter
CJI96_0002558_t1	ARN; MFS transporter, SIT family, siderophore-iron:H+ symporter	K08197 ARN; MFS transporter, SIT family, siderophore-iron:H+ symporter
CJI96_0002783_t1	ARN; MFS transporter, SIT family, siderophore-iron:H+ symporter	K08197 ARN; MFS transporter, SIT family, siderophore-iron:H+ symporter
CJI96_0003651_t1	ARN; MFS transporter, SIT family, siderophore-iron:H+ symporter	K08197 ARN; MFS transporter, SIT family, siderophore-iron:H+ symporter
CJI96_0003663_t1	ARN; MFS transporter, SIT family, siderophore-iron:H+ symporter	K08197 ARN; MFS transporter, SIT family, siderophore-iron:H+ symporter
CJI96_0005019_t1	ARN; MFS transporter, SIT family, siderophore-iron:H+ symporter	K08197 ARN; MFS transporter, SIT family, siderophore-iron:H+ symporter
CJI97_001083_t1	ARN; MFS transporter, SIT family, siderophore-iron:H+ symporter	K08197 ARN; MFS transporter, SIT family, siderophore-iron:H+ symporter
CJI97_001085_t1	ARN; MFS transporter, SIT family, siderophore-iron:H+ symporter	K08197 ARN; MFS transporter, SIT family, siderophore-iron:H+ symporter
CJI97_001105_t1	ARN; MFS transporter, SIT family, siderophore-iron:H+ symporter	K08197 ARN; MFS transporter, SIT family, siderophore-iron:H+ symporter
CJI97_001117_t1	ARN; MFS transporter, SIT family, siderophore-iron:H+ symporter	K08197 ARN; MFS transporter, SIT family, siderophore-iron:H+ symporter
CJI97_001762_t1	ARN; MFS transporter, SIT family, siderophore-iron:H+ symporter	K08197 ARN; MFS transporter, SIT family, siderophore-iron:H+ symporter
CJI97_001767_t1	ARN; MFS transporter, SIT family, siderophore-iron:H+ symporter	K08197 ARN; MFS transporter, SIT family, siderophore-iron:H+ symporter
CJI97_001784_t1	ARN; MFS transporter, SIT family, siderophore-iron:H+ symporter	K08197 ARN; MFS transporter, SIT family, siderophore-iron:H+ symporter
CJI97_002009_t1	ARN; MFS transporter, SIT family, siderophore-iron:H+ symporter	K08197 ARN; MFS transporter, SIT family, siderophore-iron:H+ symporter
CJI97_002130_t1	ARN; MFS transporter, SIT family, siderophore-iron:H+ symporter	K08197 ARN; MFS transporter, SIT family, siderophore-iron:H+ symporter
CJI97_002301_t1	ARN; MFS transporter, SIT family, siderophore-iron:H+ symporter	K08197 ARN; MFS transporter, SIT family, siderophore-iron:H+ symporter
CJI97_004100_t1	ARN; MFS transporter, SIT family, siderophore-iron:H+ symporter	K08197 ARN; MFS transporter, SIT family, siderophore-iron:H+ symporter
CJI97_004165_t1	ARN; MFS transporter, SIT family, siderophore-iron:H+ symporter	K08197 ARN; MFS transporter, SIT family, siderophore-iron:H+ symporter
CJJ07_000193_t1	ARN; MFS transporter, SIT family, siderophore-iron:H+ symporter	K08197 ARN; MFS transporter, SIT family, siderophore-iron:H+ symporter
CJJ07_000784_t1	ARN; MFS transporter, SIT family, siderophore-iron:H+ symporter	K08197 ARN; MFS transporter, SIT family, siderophore-iron:H+ symporter
CJJ07_000848_t1	ARN; MFS transporter, SIT family, siderophore-iron:H+ symporter	K08197 ARN; MFS transporter, SIT family, siderophore-iron:H+ symporter
CJJ07_002250_t1	ARN; MFS transporter, SIT family, siderophore-iron:H+ symporter	K08197 ARN; MFS transporter, SIT family, siderophore-iron:H+ symporter
CJJ07_002923_t1	ARN; MFS transporter, SIT family, siderophore-iron:H+ symporter	K08197 ARN; MFS transporter, SIT family, siderophore-iron:H+ symporter
CJJ07_002935_t1	ARN; MFS transporter, SIT family, siderophore-iron:H+ symporter	K08197 ARN; MFS transporter, SIT family, siderophore-iron:H+ symporter
CJJ07_002955_t1	ARN; MFS transporter, SIT family, siderophore-iron:H+ symporter	K08197 ARN; MFS transporter, SIT family, siderophore-iron:H+ symporter
CJJ07_004143_t1	ARN; MFS transporter, SIT family, siderophore-iron:H+ symporter	K08197 ARN; MFS transporter, SIT family, siderophore-iron:H+ symporter
CJJ07_005053_t1	ARN; MFS transporter, SIT family, siderophore-iron:H+ symporter	K08197 ARN; MFS transporter, SIT family, siderophore-iron:H+ symporter
CJJ07_005540_t1	ARN; MFS transporter, SIT family, siderophore-iron:H+ symporter	K08197 ARN; MFS transporter, SIT family, siderophore-iron:H+ symporter
CJJ09_000004_t1	ARN; MFS transporter, SIT family, siderophore-iron:H+ symporter	K08197 ARN; MFS transporter, SIT family, siderophore-iron:H+ symporter
CJJ09_000080_t1	ARN; MFS transporter, SIT family, siderophore-iron:H+ symporter	K08197 ARN; MFS transporter, SIT family, siderophore-iron:H+ symporter
CJJ09_001940_t1	ARN; MFS transporter, SIT family, siderophore-iron:H+ symporter	K08197 ARN; MFS transporter, SIT family, siderophore-iron:H+ symporter
CJJ09_001947_t1	ARN; MFS transporter, SIT family, siderophore-iron:H+ symporter	K08197 ARN; MFS transporter, SIT family, siderophore-iron:H+ symporter
CJJ09_003036_t1	ARN; MFS transporter, SIT family, siderophore-iron:H+ symporter	K08197 ARN; MFS transporter, SIT family, siderophore-iron:H+ symporter
CJJ09_003196_t1	ARN; MFS transporter, SIT family, siderophore-iron:H+ symporter	K08197 ARN; MFS transporter, SIT family, siderophore-iron:H+ symporter
CJJ09_003746_t1	ARN; MFS transporter, SIT family, siderophore-iron:H+ symporter	K08197 ARN; MFS transporter, SIT family, siderophore-iron:H+ symporter
CJJ09_003759_t1	ARN; MFS transporter, SIT family, siderophore-iron:H+ symporter	K08197 ARN; MFS transporter, SIT family, siderophore-iron:H+ symporter
CJJ09_003780_t1	ARN; MFS transporter, SIT family, siderophore-iron:H+ symporter	K08197 ARN; MFS transporter, SIT family, siderophore-iron:H+ symporter
CJJ09_005554_t1	ARN; MFS transporter, SIT family, siderophore-iron:H+ symporter	K08197 ARN; MFS transporter, SIT family, siderophore-iron:H+ symporter
CKF44_00815-t42_1	ARN; MFS transporter, SIT family, siderophore-iron:H+ symporter	K08197 ARN; MFS transporter, SIT family, siderophore-iron:H+ symporter
CLCR_01135-t43_1	ARN; MFS transporter, SIT family, siderophore-iron:H+ symporter	K08197 ARN; MFS transporter, SIT family, siderophore-iron:H+ symporter
CLUG_01670-t34_1	ARN; MFS transporter, SIT family, siderophore-iron:H+ symporter	K08197 ARN; MFS transporter, SIT family, siderophore-iron:H+ symporter
CNA07920-t26_1	ARN; MFS transporter, SIT family, siderophore-iron:H+ symporter	K08197 ARN; MFS transporter, SIT family, siderophore-iron:H+ symporter
CNAG_00815-t26_1	ARN; MFS transporter, SIT family, siderophore-iron:H+ symporter	K08197 ARN; MFS transporter, SIT family, siderophore-iron:H+ symporter
CNBA7750-t26_1	ARN; MFS transporter, SIT family, siderophore-iron:H+ symporter	K08197 ARN; MFS transporter, SIT family, siderophore-iron:H+ symporter
CNBG_1123_t1	ARN; MFS transporter, SIT family, siderophore-iron:H+ symporter	K08197 ARN; MFS transporter, SIT family, siderophore-iron:H+ symporter
CPAG_05670-t26_1	ARN; MFS transporter, SIT family, siderophore-iron:H+ symporter	K08197 ARN; MFS transporter, SIT family, siderophore-iron:H+ symporter
CPAR2_407560-T	ARN; MFS transporter, SIT family, siderophore-iron:H+ symporter	K08197 ARN; MFS transporter, SIT family, siderophore-iron:H+ symporter
CPAR2_407570-T	ARN; MFS transporter, SIT family, siderophore-iron:H+ symporter	K08197 ARN; MFS transporter, SIT family, siderophore-iron:H+ symporter
CPAR2_803020-T	ARN; MFS transporter, SIT family, siderophore-iron:H+ symporter	K08197 ARN; MFS transporter, SIT family, siderophore-iron:H+ symporter
CPAR2_803030-T	ARN; MFS transporter, SIT family, siderophore-iron:H+ symporter	K08197 ARN; MFS transporter, SIT family, siderophore-iron:H+ symporter
CPAR2_803040-T	ARN; MFS transporter, SIT family, siderophore-iron:H+ symporter	K08197 ARN; MFS transporter, SIT family, siderophore-iron:H+ symporter
CPC735_041550-t26_1	ARN; MFS transporter, SIT family, siderophore-iron:H+ symporter	K08197 ARN; MFS transporter, SIT family, siderophore-iron:H+ symporter
CPSG_09899-t26_1	ARN; MFS transporter, SIT family, siderophore-iron:H+ symporter	K08197 ARN; MFS transporter, SIT family, siderophore-iron:H+ symporter
CPUR_07408_t1	ARN; MFS transporter, SIT family, siderophore-iron:H+ symporter	K08197 ARN; MFS transporter, SIT family, siderophore-iron:H+ symporter
CTMYA2_013890.t1	ARN; MFS transporter, SIT family, siderophore-iron:H+ symporter	K08197 ARN; MFS transporter, SIT family, siderophore-iron:H+ symporter
CTMYA2_033050.t1	ARN; MFS transporter, SIT family, siderophore-iron:H+ symporter	K08197 ARN; MFS transporter, SIT family, siderophore-iron:H+ symporter
CTMYA2_033060.t1	ARN; MFS transporter, SIT family, siderophore-iron:H+ symporter	K08197 ARN; MFS transporter, SIT family, siderophore-iron:H+ symporter
CTRG_00077-t43_1	ARN; MFS transporter, SIT family, siderophore-iron:H+ symporter	K08197 ARN; MFS transporter, SIT family, siderophore-iron:H+ symporter
CTRG_00078-t43_1	ARN; MFS transporter, SIT family, siderophore-iron:H+ symporter	K08197 ARN; MFS transporter, SIT family, siderophore-iron:H+ symporter
CTRG_01806-t43_1	ARN; MFS transporter, SIT family, siderophore-iron:H+ symporter	K08197 ARN; MFS transporter, SIT family, siderophore-iron:H+ symporter
CXQ85_000888-t46_1	ARN; MFS transporter, SIT family, siderophore-iron:H+ symporter	K08197 ARN; MFS transporter, SIT family, siderophore-iron:H+ symporter
CXQ85_000889-t46_1	ARN; MFS transporter, SIT family, siderophore-iron:H+ symporter	K08197 ARN; MFS transporter, SIT family, siderophore-iron:H+ symporter
CXQ85_002454-t46_1	ARN; MFS transporter, SIT family, siderophore-iron:H+ symporter	K08197 ARN; MFS transporter, SIT family, siderophore-iron:H+ symporter
CXQ85_002600-t46_1	ARN; MFS transporter, SIT family, siderophore-iron:H+ symporter	K08197 ARN; MFS transporter, SIT family, siderophore-iron:H+ symporter
CXQ85_003139-t46_1	ARN; MFS transporter, SIT family, siderophore-iron:H+ symporter	K08197 ARN; MFS transporter, SIT family, siderophore-iron:H+ symporter
CXQ85_003161-t46_1	ARN; MFS transporter, SIT family, siderophore-iron:H+ symporter	K08197 ARN; MFS transporter, SIT family, siderophore-iron:H+ symporter
CXQ85_004562-t46_1	ARN; MFS transporter, SIT family, siderophore-iron:H+ symporter	K08197 ARN; MFS transporter, SIT family, siderophore-iron:H+ symporter
CXQ85_004564-t46_1	ARN; MFS transporter, SIT family, siderophore-iron:H+ symporter	K08197 ARN; MFS transporter, SIT family, siderophore-iron:H+ symporter
CXQ85_004565-t46_1	ARN; MFS transporter, SIT family, siderophore-iron:H+ symporter	K08197 ARN; MFS transporter, SIT family, siderophore-iron:H+ symporter
CXQ85_004927-t46_1	ARN; MFS transporter, SIT family, siderophore-iron:H+ symporter	K08197 ARN; MFS transporter, SIT family, siderophore-iron:H+ symporter
CXQ85_005266-t46_1	ARN; MFS transporter, SIT family, siderophore-iron:H+ symporter	K08197 ARN; MFS transporter, SIT family, siderophore-iron:H+ symporter
CXQ85_005357-t46_1	ARN; MFS transporter, SIT family, siderophore-iron:H+ symporter	K08197 ARN; MFS transporter, SIT family, siderophore-iron:H+ symporter
CXQ85_005362-t46_1	ARN; MFS transporter, SIT family, siderophore-iron:H+ symporter	K08197 ARN; MFS transporter, SIT family, siderophore-iron:H+ symporter
CXQ85_005363-t46_1	ARN; MFS transporter, SIT family, siderophore-iron:H+ symporter	K08197 ARN; MFS transporter, SIT family, siderophore-iron:H+ symporter
CXQ85_005400-t46_1	ARN; MFS transporter, SIT family, siderophore-iron:H+ symporter	K08197 ARN; MFS transporter, SIT family, siderophore-iron:H+ symporter
CXQ87_000012-t45_1	ARN; MFS transporter, SIT family, siderophore-iron:H+ symporter	K08197 ARN; MFS transporter, SIT family, siderophore-iron:H+ symporter
CXQ87_003032-t45_1	ARN; MFS transporter, SIT family, siderophore-iron:H+ symporter	K08197 ARN; MFS transporter, SIT family, siderophore-iron:H+ symporter
CXQ87_003581-t45_1	ARN; MFS transporter, SIT family, siderophore-iron:H+ symporter	K08197 ARN; MFS transporter, SIT family, siderophore-iron:H+ symporter
CXQ87_003600-t45_1	ARN; MFS transporter, SIT family, siderophore-iron:H+ symporter	K08197 ARN; MFS transporter, SIT family, siderophore-iron:H+ symporter
CXQ87_003616-t45_1	ARN; MFS transporter, SIT family, siderophore-iron:H+ symporter	K08197 ARN; MFS transporter, SIT family, siderophore-iron:H+ symporter
CXQ87_003617-t45_1	ARN; MFS transporter, SIT family, siderophore-iron:H+ symporter	K08197 ARN; MFS transporter, SIT family, siderophore-iron:H+ symporter
CXQ87_004673-t45_1	ARN; MFS transporter, SIT family, siderophore-iron:H+ symporter	K08197 ARN; MFS transporter, SIT family, siderophore-iron:H+ symporter
CXQ87_004687-t45_1	ARN; MFS transporter, SIT family, siderophore-iron:H+ symporter	K08197 ARN; MFS transporter, SIT family, siderophore-iron:H+ symporter
CXQ87_005016-t45_1	ARN; MFS transporter, SIT family, siderophore-iron:H+ symporter	K08197 ARN; MFS transporter, SIT family, siderophore-iron:H+ symporter
D1P53_002898_t1	ARN; MFS transporter, SIT family, siderophore-iron:H+ symporter	K08197 ARN; MFS transporter, SIT family, siderophore-iron:H+ symporter
D8B26_004191_t1	ARN; MFS transporter, SIT family, siderophore-iron:H+ symporter	K08197 ARN; MFS transporter, SIT family, siderophore-iron:H+ symporter
DEHA2C05390g_t1	ARN; MFS transporter, SIT family, siderophore-iron:H+ symporter	K08197 ARN; MFS transporter, SIT family, siderophore-iron:H+ symporter
DIURU_001843_t1	ARN; MFS transporter, SIT family, siderophore-iron:H+ symporter	K08197 ARN; MFS transporter, SIT family, siderophore-iron:H+ symporter
DIURU_003188_t1	ARN; MFS transporter, SIT family, siderophore-iron:H+ symporter	K08197 ARN; MFS transporter, SIT family, siderophore-iron:H+ symporter
DIURU_003684_t1	ARN; MFS transporter, SIT family, siderophore-iron:H+ symporter	K08197 ARN; MFS transporter, SIT family, siderophore-iron:H+ symporter
DIZ76_014636_t1	ARN; MFS transporter, SIT family, siderophore-iron:H+ symporter	K08197 ARN; MFS transporter, SIT family, siderophore-iron:H+ symporter
EMCG_01872_t1	ARN; MFS transporter, SIT family, siderophore-iron:H+ symporter	K08197 ARN; MFS transporter, SIT family, siderophore-iron:H+ symporter
EYZ11_008633_t1	ARN; MFS transporter, SIT family, siderophore-iron:H+ symporter	K08197 ARN; MFS transporter, SIT family, siderophore-iron:H+ symporter
F503_01467_t1	ARN; MFS transporter, SIT family, siderophore-iron:H+ symporter	K08197 ARN; MFS transporter, SIT family, siderophore-iron:H+ symporter
F9C07_2135561_t1	ARN; MFS transporter, SIT family, siderophore-iron:H+ symporter	K08197 ARN; MFS transporter, SIT family, siderophore-iron:H+ symporter
FCIRC_15_t1	ARN; MFS transporter, SIT family, siderophore-iron:H+ symporter	K08197 ARN; MFS transporter, SIT family, siderophore-iron:H+ symporter
FCIRC_4703_t1	ARN; MFS transporter, SIT family, siderophore-iron:H+ symporter	K08197 ARN; MFS transporter, SIT family, siderophore-iron:H+ symporter
FFUJ_04021-t31_1	ARN; MFS transporter, SIT family, siderophore-iron:H+ symporter	K08197 ARN; MFS transporter, SIT family, siderophore-iron:H+ symporter
FFUJ_13003-t31_1	ARN; MFS transporter, SIT family, siderophore-iron:H+ symporter	K08197 ARN; MFS transporter, SIT family, siderophore-iron:H+ symporter
FFUJ_14589-t31_1	ARN; MFS transporter, SIT family, siderophore-iron:H+ symporter	K08197 ARN; MFS transporter, SIT family, siderophore-iron:H+ symporter
FGRAMPH1_01T05431	ARN; MFS transporter, SIT family, siderophore-iron:H+ symporter	K08197 ARN; MFS transporter, SIT family, siderophore-iron:H+ symporter
FGRAMPH1_01T18909	ARN; MFS transporter, SIT family, siderophore-iron:H+ symporter	K08197 ARN; MFS transporter, SIT family, siderophore-iron:H+ symporter
FMAN_03342_t1	ARN; MFS transporter, SIT family, siderophore-iron:H+ symporter	K08197 ARN; MFS transporter, SIT family, siderophore-iron:H+ symporter
FMAN_05444_t1	ARN; MFS transporter, SIT family, siderophore-iron:H+ symporter	K08197 ARN; MFS transporter, SIT family, siderophore-iron:H+ symporter
FMAN_06248_t1	ARN; MFS transporter, SIT family, siderophore-iron:H+ symporter	K08197 ARN; MFS transporter, SIT family, siderophore-iron:H+ symporter
FOC1_g10000090-t38_1	ARN; MFS transporter, SIT family, siderophore-iron:H+ symporter	K08197 ARN; MFS transporter, SIT family, siderophore-iron:H+ symporter
FOC1_g10003948-t38_1	ARN; MFS transporter, SIT family, siderophore-iron:H+ symporter	K08197 ARN; MFS transporter, SIT family, siderophore-iron:H+ symporter
FOC1_g10011879-t38_1	ARN; MFS transporter, SIT family, siderophore-iron:H+ symporter	K08197 ARN; MFS transporter, SIT family, siderophore-iron:H+ symporter
FOC4_g10003572-t38_1	ARN; MFS transporter, SIT family, siderophore-iron:H+ symporter	K08197 ARN; MFS transporter, SIT family, siderophore-iron:H+ symporter
FOC4_g10012405-t38_1	ARN; MFS transporter, SIT family, siderophore-iron:H+ symporter	K08197 ARN; MFS transporter, SIT family, siderophore-iron:H+ symporter
FOIG_03862-t36_1	ARN; MFS transporter, SIT family, siderophore-iron:H+ symporter	K08197 ARN; MFS transporter, SIT family, siderophore-iron:H+ symporter
FOIG_06275-t36_1	ARN; MFS transporter, SIT family, siderophore-iron:H+ symporter	K08197 ARN; MFS transporter, SIT family, siderophore-iron:H+ symporter
FOIG_15172-t36_1	ARN; MFS transporter, SIT family, siderophore-iron:H+ symporter	K08197 ARN; MFS transporter, SIT family, siderophore-iron:H+ symporter
FOMG_03399-t38_1	ARN; MFS transporter, SIT family, siderophore-iron:H+ symporter	K08197 ARN; MFS transporter, SIT family, siderophore-iron:H+ symporter
FOMG_04319-t38_1	ARN; MFS transporter, SIT family, siderophore-iron:H+ symporter	K08197 ARN; MFS transporter, SIT family, siderophore-iron:H+ symporter
FOMG_11733-t38_1	ARN; MFS transporter, SIT family, siderophore-iron:H+ symporter	K08197 ARN; MFS transporter, SIT family, siderophore-iron:H+ symporter
FOXG_03843-t26_1	ARN; MFS transporter, SIT family, siderophore-iron:H+ symporter	K08197 ARN; MFS transporter, SIT family, siderophore-iron:H+ symporter
FOXG_07525-t26_1	ARN; MFS transporter, SIT family, siderophore-iron:H+ symporter	K08197 ARN; MFS transporter, SIT family, siderophore-iron:H+ symporter
FOYG_00999-t42_1	ARN; MFS transporter, SIT family, siderophore-iron:H+ symporter	K08197 ARN; MFS transporter, SIT family, siderophore-iron:H+ symporter
FOYG_01899-t42_1	ARN; MFS transporter, SIT family, siderophore-iron:H+ symporter	K08197 ARN; MFS transporter, SIT family, siderophore-iron:H+ symporter
FOYG_04321-t42_1	ARN; MFS transporter, SIT family, siderophore-iron:H+ symporter	K08197 ARN; MFS transporter, SIT family, siderophore-iron:H+ symporter
FOZG_03324-t36_1	ARN; MFS transporter, SIT family, siderophore-iron:H+ symporter	K08197 ARN; MFS transporter, SIT family, siderophore-iron:H+ symporter
FOZG_04227-t36_1	ARN; MFS transporter, SIT family, siderophore-iron:H+ symporter	K08197 ARN; MFS transporter, SIT family, siderophore-iron:H+ symporter
FOZG_07749-t36_1	ARN; MFS transporter, SIT family, siderophore-iron:H+ symporter	K08197 ARN; MFS transporter, SIT family, siderophore-iron:H+ symporter
FPRN_03356-t42_1	ARN; MFS transporter, SIT family, siderophore-iron:H+ symporter	K08197 ARN; MFS transporter, SIT family, siderophore-iron:H+ symporter
FPRN_05546-t42_1	ARN; MFS transporter, SIT family, siderophore-iron:H+ symporter	K08197 ARN; MFS transporter, SIT family, siderophore-iron:H+ symporter
FPRN_06363-t42_1	ARN; MFS transporter, SIT family, siderophore-iron:H+ symporter	K08197 ARN; MFS transporter, SIT family, siderophore-iron:H+ symporter
FPRO_03498-t41_1	ARN; MFS transporter, SIT family, siderophore-iron:H+ symporter	K08197 ARN; MFS transporter, SIT family, siderophore-iron:H+ symporter
FPRO_05705-t41_1	ARN; MFS transporter, SIT family, siderophore-iron:H+ symporter	K08197 ARN; MFS transporter, SIT family, siderophore-iron:H+ symporter
FPRO_06531-t41_1	ARN; MFS transporter, SIT family, siderophore-iron:H+ symporter	K08197 ARN; MFS transporter, SIT family, siderophore-iron:H+ symporter
FVEG_03733-t26_1	ARN; MFS transporter, SIT family, siderophore-iron:H+ symporter	K08197 ARN; MFS transporter, SIT family, siderophore-iron:H+ symporter
FVEG_04458-t26_1	ARN; MFS transporter, SIT family, siderophore-iron:H+ symporter	K08197 ARN; MFS transporter, SIT family, siderophore-iron:H+ symporter
FVEG_12019-t26_1	ARN; MFS transporter, SIT family, siderophore-iron:H+ symporter	K08197 ARN; MFS transporter, SIT family, siderophore-iron:H+ symporter
G647_09232_t1	ARN; MFS transporter, SIT family, siderophore-iron:H+ symporter	K08197 ARN; MFS transporter, SIT family, siderophore-iron:H+ symporter
GLRG_07668_t1	ARN; MFS transporter, SIT family, siderophore-iron:H+ symporter	K08197 ARN; MFS transporter, SIT family, siderophore-iron:H+ symporter
GLRG_11169_t1	ARN; MFS transporter, SIT family, siderophore-iron:H+ symporter	K08197 ARN; MFS transporter, SIT family, siderophore-iron:H+ symporter
GMDG_02451_t1	ARN; MFS transporter, SIT family, siderophore-iron:H+ symporter	K08197 ARN; MFS transporter, SIT family, siderophore-iron:H+ symporter
GVI51_E03817_t1	ARN; MFS transporter, SIT family, siderophore-iron:H+ symporter	K08197 ARN; MFS transporter, SIT family, siderophore-iron:H+ symporter
GW608_E03795_t1	ARN; MFS transporter, SIT family, siderophore-iron:H+ symporter	K08197 ARN; MFS transporter, SIT family, siderophore-iron:H+ symporter
GWK60_E03795_t1	ARN; MFS transporter, SIT family, siderophore-iron:H+ symporter	K08197 ARN; MFS transporter, SIT family, siderophore-iron:H+ symporter
HCAG_08685-t26_1	ARN; MFS transporter, SIT family, siderophore-iron:H+ symporter	K08197 ARN; MFS transporter, SIT family, siderophore-iron:H+ symporter
HCDG_06201-t38_1	ARN; MFS transporter, SIT family, siderophore-iron:H+ symporter	K08197 ARN; MFS transporter, SIT family, siderophore-iron:H+ symporter
HMPREF1120_07913_t1	ARN; MFS transporter, SIT family, siderophore-iron:H+ symporter	K08197 ARN; MFS transporter, SIT family, siderophore-iron:H+ symporter
HMPREF1541_05844-t46_1	ARN; MFS transporter, SIT family, siderophore-iron:H+ symporter	K08197 ARN; MFS transporter, SIT family, siderophore-iron:H+ symporter
HMPREF1544_09219-t46_1	ARN; MFS transporter, SIT family, siderophore-iron:H+ symporter	K08197 ARN; MFS transporter, SIT family, siderophore-iron:H+ symporter
HVAS_10116830.1	ARN; MFS transporter, SIT family, siderophore-iron:H+ symporter	K08197 ARN; MFS transporter, SIT family, siderophore-iron:H+ symporter
HZS61_011874_t1	ARN; MFS transporter, SIT family, siderophore-iron:H+ symporter	K08197 ARN; MFS transporter, SIT family, siderophore-iron:H+ symporter
HZS61_013448_t1	ARN; MFS transporter, SIT family, siderophore-iron:H+ symporter	K08197 ARN; MFS transporter, SIT family, siderophore-iron:H+ symporter
HZS61_014016_t1	ARN; MFS transporter, SIT family, siderophore-iron:H+ symporter	K08197 ARN; MFS transporter, SIT family, siderophore-iron:H+ symporter
I203_06681_t1	ARN; MFS transporter, SIT family, siderophore-iron:H+ symporter	K08197 ARN; MFS transporter, SIT family, siderophore-iron:H+ symporter
I203_06775_t1	ARN; MFS transporter, SIT family, siderophore-iron:H+ symporter	K08197 ARN; MFS transporter, SIT family, siderophore-iron:H+ symporter
I203_07047_t1	ARN; MFS transporter, SIT family, siderophore-iron:H+ symporter	K08197 ARN; MFS transporter, SIT family, siderophore-iron:H+ symporter
I302_01406-t42_1	ARN; MFS transporter, SIT family, siderophore-iron:H+ symporter	K08197 ARN; MFS transporter, SIT family, siderophore-iron:H+ symporter
I302_01710-t42_1	ARN; MFS transporter, SIT family, siderophore-iron:H+ symporter	K08197 ARN; MFS transporter, SIT family, siderophore-iron:H+ symporter
I302_01947-t42_1	ARN; MFS transporter, SIT family, siderophore-iron:H+ symporter	K08197 ARN; MFS transporter, SIT family, siderophore-iron:H+ symporter
I303_07564-t42_1	ARN; MFS transporter, SIT family, siderophore-iron:H+ symporter	K08197 ARN; MFS transporter, SIT family, siderophore-iron:H+ symporter
I303_07979-t42_1	ARN; MFS transporter, SIT family, siderophore-iron:H+ symporter	K08197 ARN; MFS transporter, SIT family, siderophore-iron:H+ symporter
I306_03564-t38_1	ARN; MFS transporter, SIT family, siderophore-iron:H+ symporter	K08197 ARN; MFS transporter, SIT family, siderophore-iron:H+ symporter
I308_05865-t35_1	ARN; MFS transporter, SIT family, siderophore-iron:H+ symporter	K08197 ARN; MFS transporter, SIT family, siderophore-iron:H+ symporter
I311_03652-t41_1	ARN; MFS transporter, SIT family, siderophore-iron:H+ symporter	K08197 ARN; MFS transporter, SIT family, siderophore-iron:H+ symporter
I314_00046-t35_1	ARN; MFS transporter, SIT family, siderophore-iron:H+ symporter	K08197 ARN; MFS transporter, SIT family, siderophore-iron:H+ symporter
I317_04924-t43_1	ARN; MFS transporter, SIT family, siderophore-iron:H+ symporter	K08197 ARN; MFS transporter, SIT family, siderophore-iron:H+ symporter
I317_05410-t43_1	ARN; MFS transporter, SIT family, siderophore-iron:H+ symporter	K08197 ARN; MFS transporter, SIT family, siderophore-iron:H+ symporter
I7I48_02563_t1	ARN; MFS transporter, SIT family, siderophore-iron:H+ symporter	K08197 ARN; MFS transporter, SIT family, siderophore-iron:H+ symporter
I7I50_08321_t1	ARN; MFS transporter, SIT family, siderophore-iron:H+ symporter	K08197 ARN; MFS transporter, SIT family, siderophore-iron:H+ symporter
I7I51_02773_t1	ARN; MFS transporter, SIT family, siderophore-iron:H+ symporter	K08197 ARN; MFS transporter, SIT family, siderophore-iron:H+ symporter
I7I52_05837_t1	ARN; MFS transporter, SIT family, siderophore-iron:H+ symporter	K08197 ARN; MFS transporter, SIT family, siderophore-iron:H+ symporter
I7I53_08837_t1	ARN; MFS transporter, SIT family, siderophore-iron:H+ symporter	K08197 ARN; MFS transporter, SIT family, siderophore-iron:H+ symporter
I9W82_000178_t1	ARN; MFS transporter, SIT family, siderophore-iron:H+ symporter	K08197 ARN; MFS transporter, SIT family, siderophore-iron:H+ symporter
I9W82_000179_t1	ARN; MFS transporter, SIT family, siderophore-iron:H+ symporter	K08197 ARN; MFS transporter, SIT family, siderophore-iron:H+ symporter
I9W82_002838_t1	ARN; MFS transporter, SIT family, siderophore-iron:H+ symporter	K08197 ARN; MFS transporter, SIT family, siderophore-iron:H+ symporter
I9W82_002839_t1	ARN; MFS transporter, SIT family, siderophore-iron:H+ symporter	K08197 ARN; MFS transporter, SIT family, siderophore-iron:H+ symporter
K441DRAFT_662721-t45_1	ARN; MFS transporter, SIT family, siderophore-iron:H+ symporter	K08197 ARN; MFS transporter, SIT family, siderophore-iron:H+ symporter
KLLA0_A10439g_t1	ARN; MFS transporter, SIT family, siderophore-iron:H+ symporter	K08197 ARN; MFS transporter, SIT family, siderophore-iron:H+ symporter
KLLA0_C00220g_t1	ARN; MFS transporter, SIT family, siderophore-iron:H+ symporter	K08197 ARN; MFS transporter, SIT family, siderophore-iron:H+ symporter
KLLA0_C19272g_t1	ARN; MFS transporter, SIT family, siderophore-iron:H+ symporter	K08197 ARN; MFS transporter, SIT family, siderophore-iron:H+ symporter
KLLA0_D19945g_t1	GEX; MFS transporter, SIT family, glutathione exchanger	K24107 GEX; MFS transporter, SIT family, glutathione exchanger
KLLA0_E14609g_t1	ARN; MFS transporter, SIT family, siderophore-iron:H+ symporter	K08197 ARN; MFS transporter, SIT family, siderophore-iron:H+ symporter
KLMA_10008_t1	ARN; MFS transporter, SIT family, siderophore-iron:H+ symporter	K08197 ARN; MFS transporter, SIT family, siderophore-iron:H+ symporter
KLMA_10010_t1	ARN; MFS transporter, SIT family, siderophore-iron:H+ symporter	K08197 ARN; MFS transporter, SIT family, siderophore-iron:H+ symporter
KLMA_10519_t1	ARN; MFS transporter, SIT family, siderophore-iron:H+ symporter	K08197 ARN; MFS transporter, SIT family, siderophore-iron:H+ symporter
KLMA_30276_t1	ARN; MFS transporter, SIT family, siderophore-iron:H+ symporter	K08197 ARN; MFS transporter, SIT family, siderophore-iron:H+ symporter
KLMA_40087_t1	ARN; MFS transporter, SIT family, siderophore-iron:H+ symporter	K08197 ARN; MFS transporter, SIT family, siderophore-iron:H+ symporter
KLMA_40627_t1	ARN; MFS transporter, SIT family, siderophore-iron:H+ symporter	K08197 ARN; MFS transporter, SIT family, siderophore-iron:H+ symporter
L203_02048_t1	ARN; MFS transporter, SIT family, siderophore-iron:H+ symporter	K08197 ARN; MFS transporter, SIT family, siderophore-iron:H+ symporter
L204_06310_t1	ARN; MFS transporter, SIT family, siderophore-iron:H+ symporter	K08197 ARN; MFS transporter, SIT family, siderophore-iron:H+ symporter
LELG_02353_t1	ARN; MFS transporter, SIT family, siderophore-iron:H+ symporter	K08197 ARN; MFS transporter, SIT family, siderophore-iron:H+ symporter
LEMA_P078180.1_t1	ARN; MFS transporter, SIT family, siderophore-iron:H+ symporter	K08197 ARN; MFS transporter, SIT family, siderophore-iron:H+ symporter
LQV05_000779_t1	ARN; MFS transporter, SIT family, siderophore-iron:H+ symporter	K08197 ARN; MFS transporter, SIT family, siderophore-iron:H+ symporter
M747DRAFT_351922-t43_1	ARN; MFS transporter, SIT family, siderophore-iron:H+ symporter	K08197 ARN; MFS transporter, SIT family, siderophore-iron:H+ symporter
MAN_04522_t1	ARN; MFS transporter, SIT family, siderophore-iron:H+ symporter	K08197 ARN; MFS transporter, SIT family, siderophore-iron:H+ symporter
MAN_06263_t1	ARN; MFS transporter, SIT family, siderophore-iron:H+ symporter	K08197 ARN; MFS transporter, SIT family, siderophore-iron:H+ symporter
MCYG_04768_t1	ARN; MFS transporter, SIT family, siderophore-iron:H+ symporter	K08197 ARN; MFS transporter, SIT family, siderophore-iron:H+ symporter
MELLADRAFT_109003-t26_1	ARN; MFS transporter, SIT family, siderophore-iron:H+ symporter	K08197 ARN; MFS transporter, SIT family, siderophore-iron:H+ symporter
MGYG_08122_t1	ARN; MFS transporter, SIT family, siderophore-iron:H+ symporter	K08197 ARN; MFS transporter, SIT family, siderophore-iron:H+ symporter
MPH_02490_t1	ARN; MFS transporter, SIT family, siderophore-iron:H+ symporter	K08197 ARN; MFS transporter, SIT family, siderophore-iron:H+ symporter
MYCTH_2307144_t1	ARN; MFS transporter, SIT family, siderophore-iron:H+ symporter	K08197 ARN; MFS transporter, SIT family, siderophore-iron:H+ symporter
NECHADRAFT_101741_t1	ARN; MFS transporter, SIT family, siderophore-iron:H+ symporter	K08197 ARN; MFS transporter, SIT family, siderophore-iron:H+ symporter
NECHADRAFT_49797_t1	ARN; MFS transporter, SIT family, siderophore-iron:H+ symporter	K08197 ARN; MFS transporter, SIT family, siderophore-iron:H+ symporter
NECHADRAFT_57783_t1	ARN; MFS transporter, SIT family, siderophore-iron:H+ symporter	K08197 ARN; MFS transporter, SIT family, siderophore-iron:H+ symporter
NECHADRAFT_97429_t1	ARN; MFS transporter, SIT family, siderophore-iron:H+ symporter	K08197 ARN; MFS transporter, SIT family, siderophore-iron:H+ symporter
NFIA_027310_t1	ARN; MFS transporter, SIT family, siderophore-iron:H+ symporter	K08197 ARN; MFS transporter, SIT family, siderophore-iron:H+ symporter
P168DRAFT_267810-t37_1	ARN; MFS transporter, SIT family, siderophore-iron:H+ symporter	K08197 ARN; MFS transporter, SIT family, siderophore-iron:H+ symporter
P170DRAFT_439859-t37_1	ARN; MFS transporter, SIT family, siderophore-iron:H+ symporter	K08197 ARN; MFS transporter, SIT family, siderophore-iron:H+ symporter
P174DRAFT_423489-t37_1	ARN; MFS transporter, SIT family, siderophore-iron:H+ symporter	K08197 ARN; MFS transporter, SIT family, siderophore-iron:H+ symporter
PAAG_06516-t30_1	ARN; MFS transporter, SIT family, siderophore-iron:H+ symporter	K08197 ARN; MFS transporter, SIT family, siderophore-iron:H+ symporter
PABG_02063-t30_1	ARN; MFS transporter, SIT family, siderophore-iron:H+ symporter	K08197 ARN; MFS transporter, SIT family, siderophore-iron:H+ symporter
PADG_00462-t30_1	ARN; MFS transporter, SIT family, siderophore-iron:H+ symporter	K08197 ARN; MFS transporter, SIT family, siderophore-iron:H+ symporter
CAP80864:RNA	ARN; MFS transporter, SIT family, siderophore-iron:H+ symporter	K08197 ARN; MFS transporter, SIT family, siderophore-iron:H+ symporter
CAP91498:RNA	ARN; MFS transporter, SIT family, siderophore-iron:H+ symporter	K08197 ARN; MFS transporter, SIT family, siderophore-iron:H+ symporter
PDIP_84890_t1	ARN; MFS transporter, SIT family, siderophore-iron:H+ symporter	K08197 ARN; MFS transporter, SIT family, siderophore-iron:H+ symporter
PEXP_048020_t1	ARN; MFS transporter, SIT family, siderophore-iron:H+ symporter	K08197 ARN; MFS transporter, SIT family, siderophore-iron:H+ symporter
PGUG_02298_t1	ARN; MFS transporter, SIT family, siderophore-iron:H+ symporter	K08197 ARN; MFS transporter, SIT family, siderophore-iron:H+ symporter
PGUG_03941_t1	ARN; MFS transporter, SIT family, siderophore-iron:H+ symporter	K08197 ARN; MFS transporter, SIT family, siderophore-iron:H+ symporter
PGUG_05184_t1	ARN; MFS transporter, SIT family, siderophore-iron:H+ symporter	K08197 ARN; MFS transporter, SIT family, siderophore-iron:H+ symporter
PGUG_05301_t1	ARN; MFS transporter, SIT family, siderophore-iron:H+ symporter	K08197 ARN; MFS transporter, SIT family, siderophore-iron:H+ symporter
PODANS_5_4490_t1	ARN; MFS transporter, SIT family, siderophore-iron:H+ symporter	K08197 ARN; MFS transporter, SIT family, siderophore-iron:H+ symporter
PODCO_504490_t1	ARN; MFS transporter, SIT family, siderophore-iron:H+ symporter	K08197 ARN; MFS transporter, SIT family, siderophore-iron:H+ symporter
PV06_02816-t43_1	ARN; MFS transporter, SIT family, siderophore-iron:H+ symporter	K08197 ARN; MFS transporter, SIT family, siderophore-iron:H+ symporter
PV06_06954-t43_1	ARN; MFS transporter, SIT family, siderophore-iron:H+ symporter	K08197 ARN; MFS transporter, SIT family, siderophore-iron:H+ symporter
PV06_11379-t43_1	ARN; MFS transporter, SIT family, siderophore-iron:H+ symporter	K08197 ARN; MFS transporter, SIT family, siderophore-iron:H+ symporter
PV07_05408-t44_1	ARN; MFS transporter, SIT family, siderophore-iron:H+ symporter	K08197 ARN; MFS transporter, SIT family, siderophore-iron:H+ symporter
PV08_01671_t1	ARN; MFS transporter, SIT family, siderophore-iron:H+ symporter	K08197 ARN; MFS transporter, SIT family, siderophore-iron:H+ symporter
PV08_07364_t1	ARN; MFS transporter, SIT family, siderophore-iron:H+ symporter	K08197 ARN; MFS transporter, SIT family, siderophore-iron:H+ symporter
PV10_01063-t45_1	ARN; MFS transporter, SIT family, siderophore-iron:H+ symporter	K08197 ARN; MFS transporter, SIT family, siderophore-iron:H+ symporter
PV10_03076-t45_1	ARN; MFS transporter, SIT family, siderophore-iron:H+ symporter	K08197 ARN; MFS transporter, SIT family, siderophore-iron:H+ symporter
PV10_04332-t45_1	ARN; MFS transporter, SIT family, siderophore-iron:H+ symporter	K08197 ARN; MFS transporter, SIT family, siderophore-iron:H+ symporter
PV10_07335-t45_1	ARN; MFS transporter, SIT family, siderophore-iron:H+ symporter	K08197 ARN; MFS transporter, SIT family, siderophore-iron:H+ symporter
QG37_00002_t1	ARN; MFS transporter, SIT family, siderophore-iron:H+ symporter	K08197 ARN; MFS transporter, SIT family, siderophore-iron:H+ symporter
QG37_00105_t1	ARN; MFS transporter, SIT family, siderophore-iron:H+ symporter	K08197 ARN; MFS transporter, SIT family, siderophore-iron:H+ symporter
QG37_00362_t1	ARN; MFS transporter, SIT family, siderophore-iron:H+ symporter	K08197 ARN; MFS transporter, SIT family, siderophore-iron:H+ symporter
QG37_03402_t1	ARN; MFS transporter, SIT family, siderophore-iron:H+ symporter	K08197 ARN; MFS transporter, SIT family, siderophore-iron:H+ symporter
QG37_03408_t1	ARN; MFS transporter, SIT family, siderophore-iron:H+ symporter	K08197 ARN; MFS transporter, SIT family, siderophore-iron:H+ symporter
QG37_06086_t1	ARN; MFS transporter, SIT family, siderophore-iron:H+ symporter	K08197 ARN; MFS transporter, SIT family, siderophore-iron:H+ symporter
QG37_06478_t1	ARN; MFS transporter, SIT family, siderophore-iron:H+ symporter	K08197 ARN; MFS transporter, SIT family, siderophore-iron:H+ symporter
QG37_06492_t1	ARN; MFS transporter, SIT family, siderophore-iron:H+ symporter	K08197 ARN; MFS transporter, SIT family, siderophore-iron:H+ symporter
QG37_06523_t1	ARN; MFS transporter, SIT family, siderophore-iron:H+ symporter	K08197 ARN; MFS transporter, SIT family, siderophore-iron:H+ symporter
QG37_06526_t1	ARN; MFS transporter, SIT family, siderophore-iron:H+ symporter	K08197 ARN; MFS transporter, SIT family, siderophore-iron:H+ symporter
QG37_06555_t1	ARN; MFS transporter, SIT family, siderophore-iron:H+ symporter	K08197 ARN; MFS transporter, SIT family, siderophore-iron:H+ symporter
QG37_08119_t1	ARN; MFS transporter, SIT family, siderophore-iron:H+ symporter	K08197 ARN; MFS transporter, SIT family, siderophore-iron:H+ symporter
RL4_JR_02820-RA	ARN; MFS transporter, SIT family, siderophore-iron:H+ symporter	K08197 ARN; MFS transporter, SIT family, siderophore-iron:H+ symporter
RL4_JR_04950-RA	ARN; MFS transporter, SIT family, siderophore-iron:H+ symporter	K08197 ARN; MFS transporter, SIT family, siderophore-iron:H+ symporter
S40293_04988_t1	ARN; MFS transporter, SIT family, siderophore-iron:H+ symporter	K08197 ARN; MFS transporter, SIT family, siderophore-iron:H+ symporter
S40293_09359_t1	ARN; MFS transporter, SIT family, siderophore-iron:H+ symporter	K08197 ARN; MFS transporter, SIT family, siderophore-iron:H+ symporter
SCHCODRAFT_02485653_t1	ARN; MFS transporter, SIT family, siderophore-iron:H+ symporter	K08197 ARN; MFS transporter, SIT family, siderophore-iron:H+ symporter
SI65_09055_t1	ARN; MFS transporter, SIT family, siderophore-iron:H+ symporter	K08197 ARN; MFS transporter, SIT family, siderophore-iron:H+ symporter
SI65_10025_t1	ARN; MFS transporter, SIT family, siderophore-iron:H+ symporter	K08197 ARN; MFS transporter, SIT family, siderophore-iron:H+ symporter
SPAR_C00010_t1	GEX; MFS transporter, SIT family, glutathione exchanger	K24107 GEX; MFS transporter, SIT family, glutathione exchanger
SPAR_C00030_t1	GEX; MFS transporter, SIT family, glutathione exchanger	K24107 GEX; MFS transporter, SIT family, glutathione exchanger
SPAR_E00100_t1	ARN; MFS transporter, SIT family, siderophore-iron:H+ symporter	K08197 ARN; MFS transporter, SIT family, siderophore-iron:H+ symporter
SPAR_H00030_t1	ARN; MFS transporter, SIT family, siderophore-iron:H+ symporter	K08197 ARN; MFS transporter, SIT family, siderophore-iron:H+ symporter
SPAR_I00020_t1	ARN; MFS transporter, SIT family, siderophore-iron:H+ symporter	K08197 ARN; MFS transporter, SIT family, siderophore-iron:H+ symporter
SPAR_J00020_t1	ARN; MFS transporter, SIT family, siderophore-iron:H+ symporter	K08197 ARN; MFS transporter, SIT family, siderophore-iron:H+ symporter
SPAR_K03080_t1	GEX; MFS transporter, SIT family, glutathione exchanger	K24107 GEX; MFS transporter, SIT family, glutathione exchanger
SPAR_O00020_t1	ARN; MFS transporter, SIT family, siderophore-iron:H+ symporter	K08197 ARN; MFS transporter, SIT family, siderophore-iron:H+ symporter
SPBR_00416-t41_1	ARN; MFS transporter, SIT family, siderophore-iron:H+ symporter	K08197 ARN; MFS transporter, SIT family, siderophore-iron:H+ symporter
SPSK_02970-t39_1	ARN; MFS transporter, SIT family, siderophore-iron:H+ symporter	K08197 ARN; MFS transporter, SIT family, siderophore-iron:H+ symporter
TAPDE_004897_t1	ARN; MFS transporter, SIT family, siderophore-iron:H+ symporter	K08197 ARN; MFS transporter, SIT family, siderophore-iron:H+ symporter
TEQG_07158_t1	ARN; MFS transporter, SIT family, siderophore-iron:H+ symporter	K08197 ARN; MFS transporter, SIT family, siderophore-iron:H+ symporter
TERG_03174_t1	ARN; MFS transporter, SIT family, siderophore-iron:H+ symporter	K08197 ARN; MFS transporter, SIT family, siderophore-iron:H+ symporter
TESG_02705_t1	ARN; MFS transporter, SIT family, siderophore-iron:H+ symporter	K08197 ARN; MFS transporter, SIT family, siderophore-iron:H+ symporter
TMEN_9412_t1	ARN; MFS transporter, SIT family, siderophore-iron:H+ symporter	K08197 ARN; MFS transporter, SIT family, siderophore-iron:H+ symporter
TMP_alenIFM54703_3260_t1	ARN; MFS transporter, SIT family, siderophore-iron:H+ symporter	K08197 ARN; MFS transporter, SIT family, siderophore-iron:H+ symporter
TRICI_002172_t1	ARN; MFS transporter, SIT family, siderophore-iron:H+ symporter	K08197 ARN; MFS transporter, SIT family, siderophore-iron:H+ symporter
TRICI_003119_t1	ARN; MFS transporter, SIT family, siderophore-iron:H+ symporter	K08197 ARN; MFS transporter, SIT family, siderophore-iron:H+ symporter
TRICI_004545_t1	ARN; MFS transporter, SIT family, siderophore-iron:H+ symporter	K08197 ARN; MFS transporter, SIT family, siderophore-iron:H+ symporter
TRIREDRAFT_78465-t26_1	ARN; MFS transporter, SIT family, siderophore-iron:H+ symporter	K08197 ARN; MFS transporter, SIT family, siderophore-iron:H+ symporter
TRIREDRAFT_82017-t26_1	ARN; MFS transporter, SIT family, siderophore-iron:H+ symporter	K08197 ARN; MFS transporter, SIT family, siderophore-iron:H+ symporter
TRIVIDRAFT_180746-t45_1	ARN; MFS transporter, SIT family, siderophore-iron:H+ symporter	K08197 ARN; MFS transporter, SIT family, siderophore-iron:H+ symporter
TRIVIDRAFT_49743-t45_1	ARN; MFS transporter, SIT family, siderophore-iron:H+ symporter	K08197 ARN; MFS transporter, SIT family, siderophore-iron:H+ symporter
TrQ_002306-T1	ARN; MFS transporter, SIT family, siderophore-iron:H+ symporter	K08197 ARN; MFS transporter, SIT family, siderophore-iron:H+ symporter
TrQ_009075-T1	ARN; MFS transporter, SIT family, siderophore-iron:H+ symporter	K08197 ARN; MFS transporter, SIT family, siderophore-iron:H+ symporter
UREG_02179_t1	ARN; MFS transporter, SIT family, siderophore-iron:H+ symporter	K08197 ARN; MFS transporter, SIT family, siderophore-iron:H+ symporter
VDAG_JR2_Chr1g22630a-00001	ARN; MFS transporter, SIT family, siderophore-iron:H+ symporter	K08197 ARN; MFS transporter, SIT family, siderophore-iron:H+ symporter
YCL073C-t26_1	GEX; MFS transporter, SIT family, glutathione exchanger	K24107 GEX; MFS transporter, SIT family, glutathione exchanger
YEL065W-t26_1	ARN; MFS transporter, SIT family, siderophore-iron:H+ symporter	K08197 ARN; MFS transporter, SIT family, siderophore-iron:H+ symporter
YHL040C-t26_1	ARN; MFS transporter, SIT family, siderophore-iron:H+ symporter	K08197 ARN; MFS transporter, SIT family, siderophore-iron:H+ symporter
YHL047C-t26_1	ARN; MFS transporter, SIT family, siderophore-iron:H+ symporter	K08197 ARN; MFS transporter, SIT family, siderophore-iron:H+ symporter
YKR106W-t26_1	GEX; MFS transporter, SIT family, glutathione exchanger	K24107 GEX; MFS transporter, SIT family, glutathione exchanger
YOL158C-t26_1	ARN; MFS transporter, SIT family, siderophore-iron:H+ symporter	K08197 ARN; MFS transporter, SIT family, siderophore-iron:H+ symporter
Z517_05760-t43_1	ARN; MFS transporter, SIT family, siderophore-iron:H+ symporter	K08197 ARN; MFS transporter, SIT family, siderophore-iron:H+ symporter
Z517_06750-t43_1	ARN; MFS transporter, SIT family, siderophore-iron:H+ symporter	K08197 ARN; MFS transporter, SIT family, siderophore-iron:H+ symporter
Z518_05626_t1	ARN; MFS transporter, SIT family, siderophore-iron:H+ symporter	K08197 ARN; MFS transporter, SIT family, siderophore-iron:H+ symporter
Z518_07380_t1	ARN; MFS transporter, SIT family, siderophore-iron:H+ symporter	K08197 ARN; MFS transporter, SIT family, siderophore-iron:H+ symporter
Z519_00876_t1	ARN; MFS transporter, SIT family, siderophore-iron:H+ symporter	K08197 ARN; MFS transporter, SIT family, siderophore-iron:H+ symporter
Z520_05751_t1	ARN; MFS transporter, SIT family, siderophore-iron:H+ symporter	K08197 ARN; MFS transporter, SIT family, siderophore-iron:H+ symporter
ZT3D1_G9931_t1	ARN; MFS transporter, SIT family, siderophore-iron:H+ symporter	K08197 ARN; MFS transporter, SIT family, siderophore-iron:H+ symporter
ZTRI_10.421.mRNA	ARN; MFS transporter, SIT family, siderophore-iron:H+ symporter	K08197 ARN; MFS transporter, SIT family, siderophore-iron:H+ symporter
jhhlp_001379-t41_1	ARN; MFS transporter, SIT family, siderophore-iron:H+ symporter	K08197 ARN; MFS transporter, SIT family, siderophore-iron:H+ symporter
